record,timestamp,CPU_ALL:User%,MEM:memtotal,MEM:swapfree,MEM:active,MEM:inactive,NET:eno1-write-KB/s,NET:eno1-read-KB/s,DISKBUSY:sda,DISKREAD:sda,DISKWRITE:sda
0,1648118983,25.1,1602072.4999999995,0.0,146850.0,393268.7,157.4,169.50000000000006,65.7,0.0,1098.0000000000002
1,1648118984,150.10000000000002,1602072.4999999995,0.0,146850.3,397448.60000000003,654.9,1160.3,28.0,16.0,411.3
2,1648118985,255.59999999999997,1602072.4999999995,0.0,146850.6,401765.4000000001,7409.000000000001,4676.6,92.80000000000001,0.0,2092.3
3,1648118986,173.9,1602072.4999999995,0.0,146850.6,402455.30000000005,7358.0,9611.8,24.0,0.0,678.2999999999998
4,1648118987,233.3,1602072.4999999995,0.0,146850.7,403660.1,107390.3,60188.899999999994,98.9,0.0,2039.7000000000007
5,1648118988,615.5000000000001,1602072.4999999995,0.0,146850.9,407939.9,122710.1,117722.1,43.8,0.0,796.0999999999999
6,1648118989,1202.3000000000002,1602072.4999999995,0.0,146851.0,411801.2,26617.999999999996,66330.5,61.0,16.0,594.6999999999998
7,1648118990,1250.3,1602072.4999999995,0.0,146851.1,412568.2999999999,36814.3,40396.600000000006,46.0,0.0,390.7
8,1648118991,1192.5000000000002,1602072.4999999995,0.0,146851.1,412773.60000000003,49918.7,43316.69999999999,64.9,16.0,614.0
9,1648118992,963.5,1602072.4999999995,0.0,146851.2,412873.99999999994,37449.0,36733.200000000004,84.9,16.0,2038.3
10,1648118993,795.1,1602072.4999999995,0.0,146851.1,413317.2,61162.59999999999,59647.69999999998,48.8,0.0,811.6999999999998
11,1648118994,860.9999999999999,1602072.4999999995,0.0,146851.2,414627.99999999994,113705.79999999999,95549.59999999999,20.0,0.0,603.1
12,1648118995,1084.6,1602072.4999999995,0.0,146851.1,415678.10000000003,142414.80000000002,139026.69999999998,82.9,0.0,1643.7
13,1648118996,1309.1000000000001,1602072.4999999995,0.0,146851.1,416912.3,86832.4,101661.8,19.0,0.0,442.4
14,1648118997,1400.3000000000002,1602072.4999999995,0.0,146851.1,417634.60000000003,60197.8,82337.30000000002,101.9,0.0,1988.3000000000002
15,1648118998,1419.2000000000003,1602072.4999999995,0.0,146851.1,418041.69999999995,85475.3,77399.19999999998,47.8,0.0,1670.7
16,1648118999,1413.8000000000002,1602072.4999999995,0.0,146851.1,418966.89999999997,49089.4,74240.79999999999,66.0,0.0,822.0999999999998
17,1648119000,1479.1000000000004,1602072.4999999995,0.0,146851.1,419727.60000000003,43838.00000000001,39434.399999999994,78.0,0.0,1648.8000000000002
18,1648119001,1427.5000000000002,1602072.4999999995,0.0,146851.1,420750.1000000001,47022.800000000025,53101.7,95.9,0.0,2103.4000000000005
19,1648119002,1402.6999999999996,1602072.4999999995,0.0,146850.4,422076.7,114021.19999999998,97892.7,109.9,0.0,2923.700000000001
20,1648119003,1362.6000000000001,1602072.4999999995,0.0,146850.5,423903.60000000003,115703.8,98541.8,89.9,0.0,2834.8
21,1648119004,1394.8999999999999,1602072.4999999995,0.0,146850.5,424915.9000000001,90285.4,91175.29999999999,32.0,0.0,422.8
22,1648119005,1438.2,1602072.4999999995,0.0,146850.5,424997.8,75988.9,71282.59999999999,58.0,0.0,825.9999999999999
23,1648119006,1427.7,1602072.4999999995,0.0,146850.5,425399.10000000015,26151.3,51098.1,25.0,0.0,873.6999999999999
24,1648119007,1446.9000000000003,1602072.4999999995,0.0,146850.5,425321.4,37856.399999999994,42994.0,96.9,0.0,2227.100000000001
25,1648119008,1431.5,1602072.4999999995,0.0,146850.5,425537.49999999994,61537.700000000004,48834.899999999994,74.9,0.0,1723.5000000000002
26,1648119009,1389.8999999999996,1602072.4999999995,0.0,146850.6,425423.70000000007,58967.700000000004,57829.200000000004,115.8,0.0,2591.0000000000005
27,1648119010,1369.2000000000005,1602072.4999999995,0.0,146850.6,425735.5,41571.100000000006,65363.999999999985,67.9,0.0,2283.7000000000003
28,1648119011,1409.3,1602072.4999999995,0.0,146850.7,425951.80000000005,84902.09999999999,66221.7,114.80000000000001,0.0,4598.799999999999
29,1648119012,1397.6000000000001,1602072.4999999995,0.0,146852.2,426108.89999999997,50941.1,58829.6,39.0,0.0,1578.9999999999998
30,1648119013,1403.4,1602072.4999999995,0.0,146852.2,426227.3999999999,56238.600000000006,56370.9,72.9,0.0,3323.3
31,1648119014,1399.9,1602072.4999999995,0.0,146852.2,426459.8999999999,65986.09999999999,60094.89999999999,36.0,0.0,2890.7
32,1648119015,1392.8,1602072.4999999995,0.0,146852.2,426637.7,52802.0,58388.7,93.0,0.0,4910.9
33,1648119016,1390.4,1602072.4999999995,0.0,146852.2,426873.60000000003,54110.200000000004,57141.79999999998,75.9,0.0,4894.7
34,1648119017,1350.0000000000002,1602072.4999999995,0.0,146852.3,427151.1,84907.80000000002,81463.0,90.8,0.0,4548.000000000001
35,1648119018,1069.1,1602072.4999999995,0.0,146852.3,427678.30000000005,118430.59999999999,94775.2,65.0,0.0,5872.200000000001
36,1648119019,904.8000000000002,1602072.4999999995,0.0,146852.2,427901.9000000001,31722.6,54318.399999999994,70.0,0.0,1792.6
37,1648119020,926.9000000000001,1602072.4999999995,0.0,146852.2,428413.4000000001,106118.90000000001,64988.100000000006,120.9,0.0,2828.8000000000006
38,1648119021,926.2000000000002,1602072.4999999995,0.0,146852.2,429097.19999999995,145691.09999999998,121621.7,84.0,0.0,2673.0000000000005
39,1648119022,1036.7,1602072.4999999995,0.0,146852.2,430590.80000000005,96334.3,124132.59999999998,25.7,0.0,768.0999999999999
40,1648119023,1224.0,1602072.4999999995,0.0,146852.2,429951.49999999994,119597.1,114758.6,49.0,0.0,1903.3
41,1648119024,1378.2999999999997,1602072.4999999995,0.0,146852.2,431378.20000000007,43741.600000000006,67150.0,38.9,0.0,1871.8999999999996
42,1648119025,1254.4,1602072.4999999995,0.0,146852.2,432097.0000000001,70301.1,58748.50000000001,121.3,0.0,2877.5000000000005
43,1648119026,1226.7999999999997,1602072.4999999995,0.0,146852.3,432660.80000000005,113826.5,129896.4,25.9,0.0,473.9999999999999
44,1648119027,1418.8,1602072.4999999995,0.0,146852.3,432785.0,66031.70000000001,80610.8,73.9,0.0,774.3
45,1648119028,1455.0,1602072.4999999995,0.0,146852.3,430851.10000000003,63882.60000000001,59889.200000000004,28.0,0.0,1995.0
46,1648119029,1458.1,1602072.4999999995,0.0,146852.3,431222.8,72102.7,56946.59999999999,64.0,0.0,1157.7
47,1648119030,1436.6,1602072.4999999995,0.0,146852.4,432052.5,61431.4,75089.90000000002,97.80000000000001,0.0,2877.400000000001
48,1648119031,1389.7000000000003,1602072.4999999995,0.0,146852.39999999997,432054.3999999999,81557.8,70718.29999999999,67.0,0.0,2131.4000000000005
49,1648119032,1392.9,1602072.4999999995,0.0,146852.3,432902.4,76363.7,84894.1,73.9,0.0,1420.4000000000003
50,1648119033,1472.6999999999998,1602072.4999999995,0.0,146852.4,432360.40000000014,25217.199999999997,39851.9,79.9,0.0,3646.9000000000005
51,1648119034,1474.8999999999999,1602072.4999999995,0.0,146852.4,432313.79999999993,44275.899999999994,38483.700000000004,27.0,0.0,1005.7999999999998
52,1648119035,1460.0,1602072.4999999995,0.0,146852.4,432334.99999999994,56982.29999999999,49468.200000000004,52.0,0.0,1823.5
53,1648119036,1439.6000000000001,1602072.4999999995,0.0,146852.4,432433.6,49259.000000000015,58701.60000000001,39.0,0.0,957.4999999999999
54,1648119037,1426.8,1602072.4999999995,0.0,146852.4,432531.2,71368.89999999998,74346.3,76.9,0.0,2673.1000000000004
55,1648119038,1416.1000000000001,1602072.4999999995,0.0,146852.4,432751.29999999993,93348.50000000001,82897.09999999998,104.9,0.0,3698.0000000000005
56,1648119039,1396.7000000000003,1602072.4999999995,0.0,146852.49999999997,432984.39999999997,82911.70000000001,91526.30000000002,71.0,0.0,2347.2000000000007
57,1648119040,1436.2,1602072.4999999995,0.0,146852.49999999997,432914.80000000005,64399.799999999996,55691.29999999998,99.4,0.0,3584.5
58,1648119041,1416.6000000000001,1602072.4999999995,0.0,146852.5,432938.99999999994,44870.7,62179.40000000001,63.0,0.0,2821.5
59,1648119042,1417.9,1602072.4999999995,0.0,146852.59999999998,433185.39999999997,83236.20000000003,73482.80000000002,61.0,0.0,1005.8999999999997
60,1648119043,1414.4000000000003,1602072.4999999995,0.0,146852.5,433269.6,65799.8,60885.19999999999,74.0,0.0,4307.000000000001
61,1648119044,1404.3,1602072.4999999995,0.0,146852.5,433379.8,72533.40000000001,72296.20000000001,38.0,0.0,1285.2
62,1648119045,1388.2,1602072.4999999995,0.0,146852.5,433486.89999999997,54427.4,72478.5,115.7,0.0,3396.9
63,1648119046,1407.8,1602072.4999999995,0.0,146852.5,433722.60000000003,74933.99999999999,69117.9,43.0,0.0,4166.7
64,1648119047,1401.7,1602072.4999999995,0.0,146852.5,433796.80000000005,74854.29999999999,70568.79999999997,55.9,0.0,1857.0
65,1648119048,1407.4,1602072.4999999995,0.0,146852.59999999998,433990.10000000003,69270.0,67677.2,62.9,0.0,4810.000000000001
66,1648119049,1413.6000000000001,1602072.4999999995,0.0,146852.59999999998,434110.6,82734.3,70499.20000000001,92.0,0.0,3221.000000000001
67,1648119050,1402.6999999999998,1602072.4999999995,0.0,146852.59999999998,434246.1,59756.7,63100.49999999999,81.9,0.0,1449.1999999999998
68,1648119051,1375.5,1602072.4999999995,0.0,146852.5,434469.7,76093.9,74051.0,72.0,0.0,2421.6000000000004
69,1648119052,1403.5000000000005,1602072.4999999995,0.0,146852.59999999998,434580.6,63547.799999999996,73842.8,63.9,0.0,1664.1999999999998
70,1648119053,1425.2,1602072.4999999995,0.0,146852.5,434713.80000000005,78103.20000000001,61579.00000000001,61.0,0.0,1312.8000000000002
71,1648119054,1371.4,1602072.4999999995,0.0,146852.5,434985.9,80187.0,90883.39999999998,20.0,0.0,1341.3000000000002
72,1648119055,1403.1,1602072.4999999995,0.0,146852.5,434862.5,61055.799999999996,65148.90000000001,96.9,4.0,3025.7
73,1648119056,1401.3999999999999,1602072.4999999995,0.0,146852.5,434802.7999999999,60891.60000000001,70296.0,48.0,0.0,2498.5000000000005
74,1648119057,1427.2,1602072.4999999995,0.0,146852.5,434708.4,70006.39999999998,63292.200000000004,87.9,0.0,1708.8000000000002
75,1648119058,1419.8,1602072.4999999995,0.0,146852.5,434494.09999999986,56027.0,55220.69999999999,55.0,0.0,1333.3000000000002
76,1648119059,1399.7999999999997,1602072.4999999995,0.0,146852.5,434261.8,63804.8,66693.8,68.0,0.0,2098.7999999999997
77,1648119060,1420.5999999999997,1602072.4999999995,0.0,146852.6,434053.4000000001,70661.40000000002,60929.00000000001,87.0,0.0,2686.8000000000006
78,1648119061,1407.0,1602072.4999999995,0.0,146852.5,433822.7,63295.700000000004,63257.79999999998,106.80000000000001,0.0,3816.1000000000004
79,1648119062,1408.1,1602072.4999999995,0.0,146852.5,433651.5,68202.90000000001,63792.79999999999,86.9,0.0,2769.7000000000007
80,1648119063,1403.2,1602072.4999999995,0.0,146852.5,433650.79999999993,61149.10000000001,71716.9,40.0,0.0,750.2999999999998
81,1648119064,1410.9,1602072.4999999995,0.0,146852.5,433669.3,88684.80000000002,78797.1,58.8,0.0,5515.499999999999
82,1648119065,1371.8999999999996,1602072.4999999995,0.0,146852.69999999998,433840.3,94988.59999999999,93245.69999999998,55.0,0.0,822.5999999999998
83,1648119066,1339.5,1602072.4999999995,0.0,146852.69999999998,434884.89999999997,135875.40000000002,121652.5,26.0,0.0,1217.3999999999999
84,1648119067,1372.5999999999997,1602072.4999999995,0.0,146852.5,435312.7,97485.80000000002,128809.40000000001,86.8,0.0,976.7999999999998
85,1648119068,1443.7,1602072.4999999995,0.0,146852.5,435276.5999999999,85042.00000000001,76109.5,81.9,0.0,4668.9
86,1648119069,1452.1,1602072.4999999995,0.0,146852.59999999998,434986.9,80040.4,65937.90000000001,140.9,0.0,4219.599999999999
87,1648119070,1416.3,1602072.4999999995,0.0,146852.59999999998,435471.20000000007,119584.39999999998,76802.6,75.0,0.0,2055.7
88,1648119071,1364.8999999999996,1602072.4999999995,0.0,146852.59999999998,435764.89999999997,69252.0,105994.39999999997,128.8,0.0,5711.9
89,1648119072,1434.3,1602072.4999999995,0.0,146852.59999999998,435322.4,46286.50000000001,54499.100000000006,54.0,15.8,2291.3
90,1648119073,1458.2,1602072.4999999995,0.0,146852.59999999998,435379.89999999997,45583.1,41018.399999999994,49.0,16.0,2414.100000000001
91,1648119074,1422.5000000000002,1602072.4999999995,0.0,146852.59999999998,435400.7000000001,53624.6,44074.6,71.9,31.9,5176.4
92,1648119075,1334.4000000000003,1602072.4999999995,0.0,146854.09999999998,435401.3000000001,57029.2,53159.40000000001,69.8,31.9,1934.6999999999998
93,1648119076,1327.3,1602072.4999999995,0.0,146854.19999999998,435482.8000000001,51629.899999999994,57784.99999999999,71.8,55.9,3902.2
94,1648119077,1289.7,1602072.4999999995,0.0,146854.09999999998,435456.8000000001,62237.700000000004,57594.899999999994,92.60000000000001,0.0,4685.8
95,1648119078,1292.2999999999997,1602072.4999999995,0.0,146854.19999999998,435627.0,59544.4,64291.79999999998,41.9,16.0,2545.7000000000003
96,1648119079,1353.8,1602072.4999999995,0.0,146854.19999999998,435676.60000000003,49255.200000000004,61563.3,101.0,28.0,8427.399999999998
97,1648119080,1404.3,1602072.4999999995,0.0,146854.39999999997,435797.00000000006,42993.19999999999,54733.299999999996,108.9,0.0,2175.1000000000004
98,1648119081,1403.0000000000002,1602072.4999999995,0.0,146854.39999999997,435959.2,55313.60000000001,52215.200000000004,63.0,0.0,3490.1000000000004
99,1648119082,1401.7000000000003,1602072.4999999995,0.0,146854.39999999997,436018.69999999995,48198.3,48835.100000000006,79.0,0.0,2242.8
100,1648119083,1391.2000000000005,1602072.4999999995,0.0,146854.39999999997,436102.99999999994,44230.79999999999,51043.2,39.0,0.0,686.5999999999999
101,1648119084,1404.3,1602072.4999999995,0.0,146854.49999999997,436259.5,50744.49999999999,46817.100000000006,60.0,0.0,3270.4
102,1648119085,1398.7,1602072.4999999995,0.0,146855.89999999997,436286.99999999994,51833.5,49710.099999999984,107.9,0.0,3269.1000000000004
103,1648119086,1380.8999999999999,1602072.4999999995,0.0,146855.99999999997,436334.6,43833.99999999999,50895.4,33.0,0.0,458.69999999999993
104,1648119087,1403.6999999999998,1602072.4999999995,0.0,146855.89999999997,436486.5,56898.30000000001,51731.3,100.8,0.0,2725.9000000000005
105,1648119088,1387.0,1602072.4999999995,0.0,146855.99999999997,436634.0,63561.099999999984,65811.2,30.0,0.0,842.6999999999999
106,1648119089,1405.2999999999997,1602072.4999999995,0.0,146855.99999999997,436702.6,66887.6,68586.3,62.0,0.0,1238.0
107,1648119090,1401.2,1602072.4999999995,0.0,146856.09999999998,436829.60000000003,69292.5,73331.09999999999,93.8,0.0,3683.5000000000005
108,1648119091,1421.6999999999998,1602072.4999999995,0.0,146856.09999999998,436985.60000000003,70793.1,69130.90000000001,61.0,0.0,1964.2000000000005
109,1648119092,1387.6999999999998,1602072.4999999995,0.0,146856.19999999995,437143.10000000003,84177.69999999998,83987.2,85.9,0.0,4337.499999999999
110,1648119093,1395.0000000000002,1602072.4999999995,0.0,146856.19999999995,437437.39999999997,87214.49999999999,87986.70000000001,69.0,0.0,2346.9000000000005
111,1648119094,1424.4000000000003,1602072.4999999995,0.0,146856.19999999995,437519.7999999999,82969.00000000001,85198.79999999999,52.0,0.0,3156.3000000000006
112,1648119095,1404.5,1602072.4999999995,0.0,146856.19999999995,437623.50000000006,87417.09999999999,84635.09999999999,54.0,0.0,3129.7000000000003
113,1648119096,1428.5000000000002,1602072.4999999995,0.0,146856.19999999995,437850.1000000001,62761.19999999998,72815.5,32.0,0.0,897.1999999999999
114,1648119097,1400.3999999999999,1602072.4999999995,0.0,146856.19999999995,437850.70000000007,88074.9,82514.2,108.9,0.0,3656.8
115,1648119098,1371.3999999999999,1602072.4999999995,0.0,146856.19999999995,438312.89999999997,88933.6,98259.9,49.0,0.0,985.3
116,1648119099,1446.5999999999997,1602072.4999999995,0.0,146856.19999999995,438313.79999999993,88271.4,74102.0,104.0,0.0,5655.300000000001
117,1648119100,1457.1,1602072.4999999995,0.0,146856.29999999996,438236.2,67489.09999999998,66726.2,143.8,0.0,4490.4000000000015
118,1648119101,1387.5000000000005,1602072.4999999995,0.0,146856.29999999996,438375.4000000001,106496.90000000005,88547.39999999998,56.0,0.0,1978.9
119,1648119102,1420.7999999999997,1602072.4999999995,0.0,146856.29999999996,438367.1999999999,50154.1,69649.59999999999,70.0,0.0,6890.9
120,1648119103,1407.9000000000003,1602072.4999999995,0.0,146856.29999999996,438390.9,63694.6,70573.1,37.0,0.0,878.2
121,1648119104,1432.1,1602072.4999999995,0.0,146856.29999999996,438327.89999999985,68302.3,63020.30000000001,48.0,0.0,4436.400000000001
122,1648119105,1415.0999999999997,1602072.4999999995,0.0,146856.29999999996,438204.4,66988.0,69331.0,91.4,0.0,4887.000000000002
123,1648119106,1409.2,1602072.4999999995,0.0,146856.29999999996,437968.89999999997,61683.1,63413.60000000001,38.0,0.0,2334.9
124,1648119107,1395.9,1602072.4999999995,0.0,146856.39999999997,437785.9,67543.79999999999,72332.69999999998,95.0,0.0,5721.799999999999
125,1648119108,1424.4,1602072.4999999995,0.0,146856.39999999997,437668.2,76549.4,67745.5,49.0,0.0,2574.4000000000005
126,1648119109,1398.7999999999997,1602072.4999999995,0.0,146856.49999999997,437511.3,65219.99999999999,66017.0,96.0,0.0,5382.9
127,1648119110,1421.1999999999998,1602072.4999999995,0.0,146856.49999999997,437343.89999999997,59034.5,52522.600000000006,102.0,16.0,7949.399999999999
128,1648119111,1386.0000000000005,1602072.4999999995,0.0,146856.49999999997,437132.60000000003,71521.09999999999,58726.4,65.0,0.0,2235.600000000001
129,1648119112,1375.7999999999995,1602072.4999999995,0.0,146856.49999999997,436880.8999999999,58175.30000000001,49668.6,66.0,0.0,2833.7
130,1648119113,1315.9,1602072.4999999995,0.0,146856.49999999997,436867.1,49251.100000000006,55986.69999999999,63.0,27.9,2189.5999999999995
131,1648119114,1383.0000000000002,1602072.4999999995,0.0,146856.49999999997,436751.9000000002,46309.9,57558.60000000001,21.0,0.0,666.5999999999999
132,1648119115,1400.9999999999995,1602072.4999999995,0.0,146856.49999999997,436907.4000000001,59152.50000000001,62221.500000000015,112.9,4.0,4682.099999999999
133,1648119116,1397.6000000000001,1602072.4999999995,0.0,146856.59999999998,436835.00000000006,56923.200000000004,60364.2,35.0,0.0,1955.6999999999998
134,1648119117,1401.5,1602072.4999999995,0.0,146856.49999999997,436908.4,64993.700000000004,67545.4,106.9,0.0,2935.3
135,1648119118,1401.4999999999998,1602072.4999999995,0.0,146856.49999999997,436931.0999999999,67214.0,63404.799999999996,60.0,0.0,1559.3000000000004
136,1648119119,1393.8999999999999,1602072.4999999995,0.0,146856.49999999997,437113.7,70645.20000000001,74433.6,62.0,0.0,654.6999999999999
137,1648119120,1387.2999999999997,1602072.4999999995,0.0,146856.59999999998,437285.19999999995,88160.20000000001,82717.0,96.0,0.0,2642.6000000000004
138,1648119121,1372.9999999999998,1602072.4999999995,0.0,146856.59999999998,438042.6,120709.40000000001,102983.89999999998,82.8,0.0,2414.3000000000006
139,1648119122,1371.3,1602072.4999999995,0.0,146856.59999999998,438099.10000000003,61985.2,87701.8,130.9,0.0,4634.999999999999
140,1648119123,1431.9,1602072.4999999995,0.0,146856.59999999998,438766.3999999999,120393.69999999998,97551.4,46.0,0.0,3237.800000000001
141,1648119124,1397.3999999999999,1602072.4999999995,0.0,146856.59999999998,438877.3,74044.4,96153.00000000001,50.9,0.0,1090.1
142,1648119125,1473.5,1602072.4999999995,0.0,146856.59999999998,439261.5000000001,77145.40000000004,68521.40000000001,70.0,0.0,5373.199999999999
143,1648119126,1433.2,1602072.4999999995,0.0,146856.49999999997,439485.89999999997,63616.90000000001,75503.0,33.0,0.0,549.6999999999999
144,1648119127,1423.4999999999995,1602072.4999999995,0.0,146856.69999999998,439997.0,112660.20000000001,92150.09999999999,90.9,0.0,1285.6999999999998
145,1648119128,1413.7000000000003,1602072.4999999995,0.0,146856.69999999998,440534.9000000001,92315.69999999998,99428.50000000001,83.0,0.0,2362.600000000001
146,1648119129,1443.4999999999998,1602072.4999999995,0.0,146856.69999999998,440565.9,68082.7,73718.6,88.0,0.0,4011.7000000000016
147,1648119130,1437.9999999999995,1602072.4999999995,0.0,146856.69999999998,440664.9000000001,74582.6,84720.69999999998,115.80000000000001,0.0,4359.200000000001
148,1648119131,1440.9000000000003,1602072.4999999995,0.0,146856.49999999997,440998.00000000006,89980.40000000002,77267.3,100.9,0.0,3157.0000000000005
149,1648119132,1441.3999999999999,1602072.4999999995,0.0,146856.59999999998,441082.1,74053.09999999999,72944.0,63.0,0.0,3188.5
150,1648119133,1449.1999999999998,1602072.4999999995,0.0,146856.59999999998,441088.99999999994,48445.799999999996,50214.79999999999,40.0,0.0,2813.2
151,1648119134,1432.3,1602072.4999999995,0.0,146856.59999999998,441063.50000000006,43549.6,45897.6,39.0,0.0,1472.6000000000001
152,1648119135,1409.2999999999997,1602072.4999999995,0.0,146856.59999999998,441157.6,51338.3,47895.7,73.0,0.0,5045.799999999999
153,1648119136,1392.7,1602072.4999999995,0.0,146856.59999999998,441194.0,45705.2,48901.200000000004,28.0,0.0,1696.7
154,1648119137,1389.4,1602072.4999999995,0.0,146856.59999999998,441359.0999999999,48012.8,51979.50000000001,97.4,0.0,4389.0
155,1648119138,1387.8,1602072.4999999995,0.0,146856.59999999998,441418.10000000003,56130.000000000015,54165.9,75.0,0.0,6363.199999999998
156,1648119139,1391.5,1602072.4999999995,0.0,146856.69999999998,441556.8000000001,54976.2,56334.2,68.0,0.0,2661.700000000001
157,1648119140,1385.1,1602072.4999999995,0.0,146856.9,441727.5999999999,54788.59999999999,58105.69999999998,118.0,0.0,11404.9
158,1648119141,1397.5000000000002,1602072.4999999995,0.0,146856.8,441789.1,70129.49999999997,71992.6,79.9,0.0,2550.1000000000004
159,1648119142,1416.5,1602072.4999999995,0.0,146856.8,441782.10000000003,65115.500000000015,60381.000000000015,60.9,0.0,2717.800000000001
160,1648119143,1408.1,1602072.4999999995,0.0,146856.8,441848.4,81660.89999999997,69358.09999999999,87.0,0.0,3385.8999999999996
161,1648119144,1408.7,1602072.4999999995,0.0,146856.8,441818.80000000005,61726.899999999994,65755.1,54.0,0.0,1385.2000000000003
162,1648119145,1402.4,1602072.4999999995,0.0,146856.8,441935.20000000007,63586.49999999999,67023.30000000002,111.0,0.0,3681.100000000001
163,1648119146,1411.6000000000001,1602072.4999999995,0.0,146856.8,441929.4,62852.50000000001,61619.59999999999,58.9,0.0,2623.7
164,1648119147,1406.1000000000001,1602072.4999999995,0.0,146856.8,441995.6000000001,57409.099999999984,60483.799999999996,68.9,0.0,1903.7999999999997
165,1648119148,1397.8999999999996,1602072.4999999995,0.0,146856.8,441866.0999999999,66811.2,65614.10000000002,50.0,0.0,1800.3000000000004
166,1648119149,1402.3000000000004,1602072.4999999995,0.0,146857.39999999997,441798.8,62683.900000000016,61731.4,65.9,0.0,873.5999999999998
167,1648119150,1408.8999999999999,1602072.4999999995,0.0,146857.49999999997,441617.0000000001,57059.999999999985,59846.700000000004,80.0,0.0,1356.9000000000003
168,1648119151,1398.3,1602072.4999999995,0.0,146857.39999999997,441377.5,63003.1,60204.9,59.0,0.0,2012.0000000000005
169,1648119152,1398.3000000000002,1602072.4999999995,0.0,146857.39999999997,441375.69999999995,64332.899999999994,68736.9,79.9,0.0,3876.2000000000007
170,1648119153,1405.4,1602072.4999999995,0.0,146857.39999999997,441272.5,65499.4,62280.2,57.0,0.0,2870.8000000000006
171,1648119154,1387.1999999999998,1602072.4999999995,0.0,146857.39999999997,441205.69999999995,72779.3,75500.9,47.9,0.0,2136.5000000000005
172,1648119155,1401.1,1602072.4999999995,0.0,146857.39999999997,441033.0,109081.80000000002,77978.00000000001,65.8,0.0,2692.8000000000006
173,1648119156,1348.1000000000004,1602072.4999999995,0.0,146857.39999999997,441497.7999999999,106892.79999999999,120011.19999999997,77.9,0.0,5449.599999999998
174,1648119157,1397.5000000000002,1602072.4999999995,0.0,146857.49999999997,441516.1000000001,82286.29999999999,86392.8,94.9,0.0,1468.9000000000005
175,1648119158,1436.0000000000002,1602072.4999999995,0.0,146857.49999999997,441302.60000000003,91512.1,83073.8,92.9,0.0,3036.500000000001
176,1648119159,1403.8999999999999,1602072.4999999995,0.0,146858.99999999997,441748.39999999997,78216.29999999999,100993.6,82.0,0.0,1037.5999999999997
177,1648119160,1454.6000000000001,1602072.4999999995,0.0,146859.09999999998,441661.49999999994,74331.29999999999,58069.2,80.9,0.0,3997.0000000000005
178,1648119161,1360.1999999999998,1602072.4999999995,0.0,146858.99999999997,442043.00000000006,125159.8,108487.10000000002,77.9,0.0,3610.500000000001
179,1648119162,1360.9,1602072.4999999995,0.0,146858.99999999997,442730.1000000001,103860.8,98764.09999999999,46.0,0.0,2696.8
180,1648119163,1376.6999999999998,1602072.4999999995,0.0,146858.99999999997,443197.99999999994,101663.90000000001,114379.19999999997,65.0,0.0,2048.2999999999997
181,1648119164,1383.5999999999997,1602072.4999999995,0.0,146858.99999999997,443805.6,96854.0,107599.90000000004,46.0,0.0,4655.1
182,1648119165,1417.4000000000003,1602072.4999999995,0.0,146858.99999999997,443596.6000000001,74705.5,80841.2,77.0,0.0,1804.2000000000005
183,1648119166,1451.3000000000002,1602072.4999999995,0.0,146858.99999999997,443356.7,72424.5,79129.79999999999,73.0,0.0,5714.4
184,1648119167,1446.3000000000002,1602072.4999999995,0.0,146858.99999999997,443277.2,72072.7,72430.19999999998,71.9,0.0,2793.5000000000005
185,1648119168,1456.1,1602072.4999999995,0.0,146858.99999999997,443252.0,64830.0,64615.200000000004,33.0,0.0,1779.8000000000002
186,1648119169,1409.2999999999997,1602072.4999999995,0.0,146858.99999999997,443459.6000000001,97909.8,86378.49999999999,75.9,0.0,6071.999999999998
187,1648119170,1436.2,1602072.4999999995,0.0,146859.09999999998,443617.79999999993,69865.2,79882.40000000001,67.0,0.0,3006.200000000001
188,1648119171,1451.8999999999999,1602072.4999999995,0.0,146858.99999999997,443568.7000000001,71079.9,69359.7,75.0,0.0,7201.3
189,1648119172,1457.3,1602072.4999999995,0.0,146858.99999999997,443997.5000000001,79315.6,72075.49999999999,67.0,0.0,2095.6000000000004
190,1648119173,1426.1999999999996,1602072.4999999995,0.0,146858.99999999997,444122.6,67643.40000000002,80412.8,68.0,0.0,3201.1000000000004
191,1648119174,1425.0,1602072.4999999995,0.0,146858.99999999997,444279.70000000007,78544.9,76320.7,40.0,0.0,2068.1
192,1648119175,1453.1,1602072.4999999995,0.0,146858.99999999997,444447.8,66432.6,63738.29999999998,79.9,4.0,1484.2
193,1648119176,1437.5000000000002,1602072.4999999995,0.0,146859.09999999998,444413.1999999999,51893.899999999994,61454.8,34.0,0.0,2976.5
194,1648119177,1423.9,1602072.4999999995,0.0,146858.99999999997,444327.10000000003,80769.89999999998,71872.20000000001,81.9,0.0,2582.4
195,1648119178,1427.5,1602072.4999999995,0.0,146858.99999999997,444467.39999999997,75152.99999999999,78252.29999999999,62.9,0.0,1675.8000000000006
196,1648119179,1434.0,1602072.4999999995,0.0,146858.99999999997,444520.7,67788.29999999999,64606.100000000006,97.0,0.0,2708.800000000001
197,1648119180,1429.2,1602072.4999999995,0.0,146859.09999999998,444681.6,86623.8,97521.59999999999,75.0,0.0,17302.300000000007
198,1648119181,1423.8,1602072.4999999995,0.0,146858.99999999997,444753.8,71654.1,99670.90000000001,150.8,4.0,34889.40000000001
199,1648119182,1418.3,1602072.4999999995,0.0,146858.99999999997,444912.9,70549.0,104129.80000000002,151.7,0.0,36946.900000000016
200,1648119183,1445.0,1602072.4999999995,0.0,146859.09999999998,444965.69999999995,57595.700000000004,85244.2,77.9,8.0,34303.50000000001
201,1648119184,1411.4999999999998,1602072.4999999995,0.0,146859.09999999998,445086.69999999995,56897.399999999994,93925.70000000004,85.9,0.0,43898.2
202,1648119185,1411.8,1602072.4999999995,0.0,146859.19999999998,445126.5999999999,55676.600000000006,85080.0,78.9,4.0,33262.80000000001
203,1648119186,1403.8999999999999,1602072.4999999995,0.0,146859.19999999998,445256.19999999995,56964.899999999994,87329.40000000002,72.8,0.0,35643.80000000001
204,1648119187,1399.3,1602072.4999999995,0.0,146859.19999999998,445394.19999999995,53555.8,67531.7,128.8,49687.3,19311.900000000005
205,1648119188,1402.6000000000001,1602072.4999999995,0.0,146859.3,445486.89999999997,58502.69999999999,57125.299999999996,66.0,3416.9,1577.1000000000008
206,1648119189,1395.3999999999999,1602072.4999999995,0.0,146859.3,445601.99999999994,57911.2,58636.8,112.9,0.0,2451.100000000001
207,1648119190,1406.3000000000002,1602072.4999999995,0.0,146859.4,445635.80000000005,65257.0,61031.600000000006,97.9,0.0,1780.2
208,1648119191,1407.1,1602072.4999999995,0.0,146859.3,445793.8999999999,59936.40000000001,60941.40000000001,99.0,0.0,5436.999999999999
209,1648119192,1405.1999999999998,1602072.4999999995,0.0,146859.3,445970.0,60792.2,60521.299999999996,84.0,0.0,2068.0000000000005
210,1648119193,1399.5000000000002,1602072.4999999995,0.0,146859.3,445956.69999999995,60777.90000000001,62955.6,45.0,0.0,1784.6
211,1648119194,1407.4999999999998,1602072.4999999995,0.0,146859.3,446159.70000000007,71452.80000000002,63493.99999999999,56.0,0.0,5072.9
212,1648119195,1404.2,1602072.4999999995,0.0,146859.3,446324.9999999999,54056.99999999999,55404.700000000004,68.0,0.0,750.5999999999999
213,1648119196,1398.5000000000002,1602072.4999999995,0.0,146859.4,446242.00000000006,53047.2,57322.00000000001,43.0,0.0,4331.300000000001
214,1648119197,1397.2,1602072.4999999995,0.0,146859.3,446254.80000000005,59158.99999999999,57338.700000000004,96.9,0.0,4694.200000000001
215,1648119198,1398.1,1602072.4999999995,0.0,146859.3,446299.9,54470.00000000001,54062.8,43.0,0.0,3883.5000000000005
216,1648119199,1374.6000000000001,1602072.4999999995,0.0,146859.3,446362.9,59783.99999999999,57191.9,91.9,0.0,5992.999999999998
217,1648119200,1396.8,1602072.4999999995,0.0,146859.3,446692.59999999986,67094.3,66716.50000000001,76.0,0.0,2354.000000000001
218,1648119201,1336.6999999999998,1602072.4999999995,0.0,146859.4,446496.5999999999,78483.99999999999,66041.6,90.9,0.0,6776.0999999999985
219,1648119202,1304.5999999999997,1602072.4999999995,0.0,146859.4,446753.3999999999,68386.2,70504.29999999999,91.0,0.0,6443.599999999999
220,1648119203,1086.1,1602072.4999999995,0.0,146859.3,447036.4999999999,66992.5,86042.4,62.0,0.0,3346.0000000000005
221,1648119204,982.2,1602072.4999999995,0.0,146859.4,447343.89999999997,89391.49999999999,49014.2,45.0,0.0,2267.6
222,1648119205,1059.4999999999998,1602072.4999999995,0.0,146859.4,448111.3,127112.4,90541.30000000002,94.7,0.0,2740.2
223,1648119206,1080.8000000000002,1602072.4999999995,0.0,146859.4,449877.5,95744.09999999999,139924.7,59.0,0.0,1177.3
224,1648119207,1167.0000000000002,1602072.4999999995,0.0,146859.4,450573.6,102100.90000000001,88050.0,238.5,0.0,6083.199999999999
225,1648119208,1418.7999999999997,1602072.4999999995,0.0,146859.4,450881.19999999984,97305.4,118602.40000000001,1436.9999999999998,0.0,18641.800000000003
226,1648119209,1484.1999999999998,1602072.4999999995,0.0,146859.4,450820.9,64726.700000000004,71149.9,1155.8,0.0,14590.199999999999
227,1648119210,1443.3,1602072.4999999995,0.0,146859.4,450912.50000000006,55036.200000000004,78603.0,824.9999999999997,0.0,7999.300000000001
228,1648119211,1474.3000000000002,1602072.4999999995,0.0,146859.4,450673.60000000003,52077.8,45886.59999999999,585.8,0.0,7618.200000000001
229,1648119212,1460.1000000000004,1602072.4999999995,0.0,146859.4,450122.0,33033.6,38499.4,364.5,0.0,4493.7
230,1648119213,1447.0999999999997,1602072.4999999995,0.0,146859.4,449787.39999999997,41746.49999999999,41417.3,173.5,0.0,5480.1
231,1648119214,1439.1,1602072.4999999995,0.0,146859.4,449738.8,51720.100000000006,46218.5,78.9,0.0,5848.700000000001
232,1648119215,1430.8,1602072.4999999995,0.0,146859.49999999997,449726.2,46063.4,52444.2,100.9,0.0,3144.900000000001
233,1648119216,1431.3999999999999,1602072.4999999995,0.0,146859.49999999997,449666.1999999999,60638.90000000001,55369.999999999985,292.3,0.0,2917.7
234,1648119217,1425.8999999999999,1602072.4999999995,0.0,146859.49999999997,449681.1000000001,60716.49999999999,55030.2,179.9,0.0,5139.700000000001
235,1648119218,1421.0000000000002,1602072.4999999995,0.0,146859.49999999997,449545.6,69764.80000000002,55975.299999999996,80.0,0.0,3572.9
236,1648119219,1389.3999999999999,1602072.4999999995,0.0,146859.49999999997,449592.8,63372.700000000004,61989.4,115.9,0.0,1800.1000000000006
237,1648119220,1276.4,1602072.4999999995,0.0,146859.59999999998,449522.2000000001,79147.5,65125.8,351.69999999999993,0.0,7814.0999999999985
238,1648119221,1335.0,1602072.4999999995,0.0,146859.59999999998,449833.6000000001,70401.8,75879.49999999999,97.0,16.0,3720.300000000001
239,1648119222,1329.3,1602072.4999999995,0.0,146859.59999999998,449809.9,70134.2,70088.8,67.0,0.0,2992.7000000000007
240,1648119223,1291.6999999999998,1602072.4999999995,0.0,146859.59999999998,450158.60000000003,72820.5,61433.7,53.9,0.0,1751.0000000000005
241,1648119224,1287.1999999999998,1602072.4999999995,0.0,146859.69999999998,450377.00000000006,70927.2,78548.29999999997,280.9,0.0,4015.7999999999997
242,1648119225,1361.6999999999998,1602072.4999999995,0.0,146859.69999999998,450384.29999999993,60274.2,74004.70000000001,157.8,0.0,6497.1
243,1648119226,1423.2999999999997,1602072.4999999995,0.0,146859.59999999998,450355.00000000006,55447.5,61702.7,189.8,0.0,2459.2
244,1648119227,1425.7000000000003,1602072.4999999995,0.0,146859.69999999998,450321.89999999985,61459.10000000001,65188.100000000006,302.09999999999997,0.0,7196.199999999999
245,1648119228,1420.7,1602072.4999999995,0.0,146859.69999999998,450578.5,65012.59999999999,68251.70000000003,41.0,0.0,1493.3000000000009
246,1648119229,1411.0,1602072.4999999995,0.0,146859.69999999998,450672.89999999997,62565.00000000001,69395.7,113.9,0.0,2802.0
247,1648119230,1412.0000000000002,1602072.4999999995,0.0,146859.69999999998,450955.39999999997,66477.0,68462.40000000001,327.7,0.0,7516.399999999999
248,1648119231,1416.7000000000003,1602072.4999999995,0.0,146859.69999999998,450780.0,67631.09999999999,65593.5,58.0,0.0,2097.0000000000005
249,1648119232,1413.9999999999998,1602072.4999999995,0.0,146859.69999999998,450979.9,70000.7,72566.1,53.9,0.0,5706.200000000001
250,1648119233,1416.5,1602072.4999999995,0.0,146861.19999999998,450932.8000000001,77867.80000000002,70745.4,113.9,0.0,4548.9
251,1648119234,1413.7999999999997,1602072.4999999995,0.0,146861.3,451163.7,75383.70000000001,75320.90000000001,309.8,0.0,4211.2
252,1648119235,1405.8000000000002,1602072.4999999995,0.0,146861.39999999997,451097.7,81313.20000000001,81524.4,151.8,0.0,5132.4
253,1648119236,1410.4,1602072.4999999995,0.0,146861.3,451618.19999999995,80007.40000000001,79322.4,222.3,0.0,2196.7999999999997
254,1648119237,1414.4999999999998,1602072.4999999995,0.0,146861.39999999997,451431.8999999999,67789.1,73387.8,311.7,0.0,7017.599999999998
255,1648119238,1431.2999999999997,1602072.4999999995,0.0,146861.39999999997,451746.79999999993,65408.70000000002,63778.80000000001,69.9,0.0,3448.8000000000006
256,1648119239,1428.5999999999997,1602072.4999999995,0.0,146861.49999999997,451718.60000000003,65348.099999999984,69095.3,134.7,0.0,3983.1
257,1648119240,1434.5,1602072.4999999995,0.0,146861.49999999997,451724.30000000005,62673.1,62904.3,359.5,0.0,5619.2
258,1648119241,1421.1000000000001,1602072.4999999995,0.0,146861.39999999997,451912.4000000001,65884.4,66927.9,126.9,0.0,3879.400000000001
259,1648119242,1435.3999999999999,1602072.4999999995,0.0,146861.49999999997,451831.8,62671.200000000004,56617.1,112.9,0.0,4178.0
260,1648119243,1420.6000000000001,1602072.4999999995,0.0,146861.49999999997,451923.8,56102.99999999999,59659.399999999994,107.0,0.0,2781.8
261,1648119244,1412.6000000000001,1602072.4999999995,0.0,146861.49999999997,451960.50000000006,60124.6,60055.10000000001,363.19999999999993,0.0,8123.699999999999
262,1648119245,1416.6000000000001,1602072.4999999995,0.0,146861.49999999997,452035.30000000005,62726.1,54155.600000000006,134.7,0.0,3654.500000000001
263,1648119246,1396.9999999999998,1602072.4999999995,0.0,146861.49999999997,452114.3000000001,57548.299999999996,52257.600000000006,17.0,0.0,1425.5
264,1648119247,1383.1000000000001,1602072.4999999995,0.0,146861.49999999997,451998.80000000005,56830.2,56369.600000000006,295.9,0.0,3647.5999999999995
265,1648119248,1377.7,1602072.4999999995,0.0,146861.49999999997,451951.40000000014,60297.1,58267.6,267.70000000000005,0.0,6699.999999999997
266,1648119249,1382.0999999999997,1602072.4999999995,0.0,146861.49999999997,452003.30000000005,58934.99999999999,51431.200000000004,76.9,12.0,4046.9
267,1648119250,1378.3000000000002,1602072.4999999995,0.0,146861.49999999997,452080.30000000005,56841.0,63943.09999999999,358.49999999999994,0.0,7531.699999999999
268,1648119251,1401.8,1602072.4999999995,0.0,146861.49999999997,451943.80000000005,65812.3,55684.3,226.60000000000002,0.0,5009.799999999998
269,1648119252,1368.4999999999998,1602072.4999999995,0.0,146861.49999999997,452129.30000000005,77363.2,85134.79999999997,115.9,0.0,6304.799999999999
270,1648119253,1396.6999999999998,1602072.4999999995,0.0,146861.49999999997,451898.5000000001,70092.4,77489.7,107.9,0.0,3996.3
271,1648119254,1417.2,1602072.4999999995,0.0,146861.49999999997,451961.4999999999,51197.5,60380.0,352.7,0.0,5608.0
272,1648119255,1429.5999999999997,1602072.4999999995,0.0,146861.49999999997,451889.4,51623.49999999998,55763.200000000004,123.0,0.0,4774.4
273,1648119256,1403.8999999999996,1602072.4999999995,0.0,146861.59999999998,451813.2,61539.00000000001,65756.3,236.4,0.0,5011.4
274,1648119257,1417.2,1602072.4999999995,0.0,146861.59999999998,451702.8,55273.1,53643.100000000006,289.5,0.0,5264.6
275,1648119258,1410.5999999999997,1602072.4999999995,0.0,146861.69999999998,451435.9000000001,61186.99999999999,62096.2,73.0,0.0,8252.4
276,1648119259,1407.4999999999998,1602072.4999999995,0.0,146861.69999999998,451432.99999999994,63419.6,61021.0,157.9,0.0,4626.6
277,1648119260,1417.3,1602072.4999999995,0.0,146861.69999999998,451460.89999999997,63497.9,64445.1,344.6,0.0,5158.999999999999
278,1648119261,1388.6999999999998,1602072.4999999995,0.0,146861.8,451547.6,68456.40000000001,75602.0,113.9,0.0,10538.799999999996
279,1648119262,1414.1,1602072.4999999995,0.0,146861.8,451440.99999999994,68120.40000000001,72424.6,75.9,0.0,5934.199999999999
280,1648119263,1417.8000000000004,1602072.4999999995,0.0,146861.8,451486.30000000005,78887.20000000001,68835.90000000001,107.0,0.0,10855.099999999999
281,1648119264,1416.1999999999998,1602072.4999999995,0.0,146861.8,451431.4,61736.899999999994,71088.9,316.70000000000005,0.0,4765.2
282,1648119265,1421.8999999999999,1602072.4999999995,0.0,146861.8,451545.89999999997,76801.79999999999,75422.8,164.8,0.0,5577.499999999999
283,1648119266,1439.0,1602072.4999999995,0.0,146861.8,451605.4,74057.40000000001,64972.5,448.9999999999999,0.0,9837.499999999998
284,1648119267,1422.5000000000002,1602072.4999999995,0.0,146861.8,451792.6,68848.09999999999,72001.6,265.8,0.0,2382.6000000000004
285,1648119268,1418.4000000000003,1602072.4999999995,0.0,146861.8,451825.60000000003,68241.6,69020.59999999999,109.0,0.0,4343.4
286,1648119269,1428.3999999999996,1602072.4999999995,0.0,146861.8,451954.1,74784.5,68776.1,276.5,0.0,4379.6
287,1648119270,1420.7999999999997,1602072.4999999995,0.0,146861.8,452052.5,65483.10000000001,67948.6,235.50000000000003,0.0,3979.8
288,1648119271,1407.2,1602072.4999999995,0.0,146861.9,452062.8,66491.69999999998,76885.90000000002,95.9,0.0,5496.699999999996
289,1648119272,1419.4999999999998,1602072.4999999995,0.0,146861.9,452046.3,90627.8,76577.60000000002,33.0,0.0,674.5999999999999
290,1648119273,1441.9000000000003,1602072.4999999995,0.0,146861.9,452176.69999999995,62210.10000000001,64224.899999999994,313.40000000000003,0.0,7665.000000000001
291,1648119274,1404.7000000000003,1602072.4999999995,0.0,146861.9,452206.4,74942.30000000003,74344.39999999998,273.3,0.0,7801.499999999998
292,1648119275,1428.5,1602072.4999999995,0.0,146861.9,452312.59999999986,76459.8,74978.6,63.8,0.0,2118.8
293,1648119276,1418.7,1602072.4999999995,0.0,146861.9,452417.5,66295.70000000001,65794.29999999997,56.0,0.0,5760.5
294,1648119277,1414.8,1602072.4999999995,0.0,146861.9,452398.30000000005,71224.70000000001,72282.29999999999,58.0,0.0,510.99999999999994
295,1648119278,1414.3,1602072.4999999995,0.0,146861.9,452584.7,80004.70000000003,75070.3,138.0,0.0,6141.999999999999
296,1648119279,1423.1000000000001,1602072.4999999995,0.0,146861.9,452672.4,70409.70000000001,69236.09999999999,87.0,0.0,5220.299999999998
297,1648119280,1417.7,1602072.4999999995,0.0,146861.9,452697.7,67914.4,72295.50000000001,54.0,0.0,1572.9
298,1648119281,1417.0000000000002,1602072.4999999995,0.0,146861.9,452798.6000000001,65337.2,69305.20000000001,75.8,0.0,5251.5
299,1648119282,1417.9,1602072.4999999995,0.0,146861.9,452851.59999999986,73127.1,70167.69999999998,39.0,0.0,802.6999999999998
300,1648119283,1414.4,1602072.4999999995,0.0,146861.9,452904.7,70718.69999999998,69484.80000000002,67.0,0.0,7017.399999999998
301,1648119284,1414.4,1602072.4999999995,0.0,146861.9,452990.1999999999,69706.99999999999,71761.00000000001,59.0,0.0,2231.2000000000003
302,1648119285,1416.4,1602072.4999999995,0.0,146861.9,453005.79999999993,72618.40000000002,71430.2,49.8,0.0,473.29999999999995
303,1648119286,1408.8000000000002,1602072.4999999995,0.0,146861.9,453080.7,61337.399999999994,64864.00000000001,93.9,0.0,7176.4
304,1648119287,1412.3,1602072.4999999995,0.0,146861.9,453222.2,69974.2,70476.5,41.0,0.0,670.8
305,1648119288,1415.6,1602072.4999999995,0.0,146861.9,453197.60000000003,69364.69999999998,65041.500000000015,84.0,0.0,4766.3
306,1648119289,1399.5,1602072.4999999995,0.0,146861.9,453230.2,59324.49999999999,67708.3,72.0,0.0,3899.5000000000005
307,1648119290,1415.5000000000002,1602072.4999999995,0.0,146861.9,453162.1,69554.70000000001,64426.2,61.0,0.0,2167.2
308,1648119291,1408.8999999999999,1602072.4999999995,0.0,146861.9,453289.00000000006,65783.7,70524.9,74.0,0.0,5742.9
309,1648119292,1404.5,1602072.4999999995,0.0,146861.9,453316.5000000001,77518.2,69761.90000000001,45.0,0.0,2262.7000000000003
310,1648119293,1370.5000000000002,1602072.4999999995,0.0,146861.99999999997,453448.29999999993,72452.7,79077.9,94.9,0.0,9647.099999999999
311,1648119294,1361.9,1602072.4999999995,0.0,146861.99999999997,453379.9,70234.99999999999,60616.8,67.9,0.0,4425.300000000001
312,1648119295,1313.5,1602072.4999999995,0.0,146861.99999999997,453482.1,76989.0,67409.29999999999,47.0,0.0,2702.7000000000007
313,1648119296,1208.3000000000002,1602072.4999999995,0.0,146862.49999999997,450699.6,70011.9,66093.5,92.9,0.0,5959.4
314,1648119297,1064.1,1602072.4999999995,0.0,146862.49999999997,450985.10000000003,62643.000000000015,86108.30000000002,79.8,0.0,3586.9
315,1648119298,980.0,1602072.4999999995,0.0,146866.4,445138.4000000001,29114.600000000006,24679.4,51.0,0.0,2809.8
316,1648119299,847.6000000000001,1602072.4999999995,0.0,146866.5,445086.50000000006,24654.000000000004,26384.899999999998,118.40000000000002,0.0,7007.7
317,1648119300,643.7999999999998,1602072.4999999995,0.0,146871.59999999998,438700.9000000001,28939.300000000003,32197.99999999999,81.69999999999999,1237.4,1848.3999999999996
318,1648119301,536.4999999999999,1602072.4999999995,0.0,146874.0,430918.19999999995,20319.099999999995,18691.000000000004,77.0,51.9,3146.400000000001
319,1648119302,426.20000000000005,1602072.4999999995,0.0,146882.09999999998,415175.50000000006,14871.9,14269.1,131.9,0.0,4731.5
320,1648119303,326.59999999999997,1602072.4999999995,0.0,146882.19999999998,415111.3,10016.500000000002,11409.500000000004,115.80000000000001,0.0,4555.700000000001
321,1648119304,244.19999999999996,1602072.4999999995,0.0,146882.49999999997,412454.5999999999,12474.7,12330.699999999999,64.39999999999999,0.0,1209.4999999999998
322,1648119305,192.60000000000005,1602072.4999999995,0.0,146885.89999999997,404744.5000000001,3167.7000000000003,3579.8,102.6,0.0,5715.400000000001
323,1648119306,134.6,1602072.4999999995,0.0,146884.39999999997,404320.8999999998,3230.1,4095.9,59.9,0.0,2992.5000000000005
324,1648119307,106.3,1602072.4999999995,0.0,146884.69999999995,401581.0999999999,4291.800000000001,3661.7000000000003,115.9,0.0,3505.500000000001
325,1648119308,90.9,1602072.4999999995,0.0,146884.69999999995,399824.69999999995,3746.3,4081.1,75.9,0.0,2249.4000000000005
326,1648119309,77.69999999999999,1602072.4999999995,0.0,146885.89999999997,398883.79999999993,3990.2,3431.2999999999997,104.80000000000001,0.0,5470.8
327,1648119310,85.89999999999999,1602072.4999999995,0.0,146885.99999999994,398861.60000000003,3248.4999999999995,4627.0,124.0,0.0,4932.599999999999
328,1648119311,90.5,1602072.4999999995,0.0,146885.99999999994,398884.30000000005,3562.0,3458.7999999999997,74.9,0.0,1596.3999999999999
329,1648119312,84.3,1602072.4999999995,0.0,146885.99999999994,398886.2,4466.799999999999,4920.400000000001,110.80000000000001,0.0,6850.700000000001
330,1648119313,82.80000000000001,1602072.4999999995,0.0,146885.99999999994,398861.3000000001,3986.9000000000005,2927.8,44.9,0.0,1635.4
331,1648119314,82.19999999999999,1602072.4999999995,0.0,146885.99999999994,398899.1000000001,3525.2999999999997,3514.5000000000005,72.8,0.0,2946.7000000000003
332,1648119315,79.7,1602072.4999999995,0.0,146885.99999999994,398924.99999999994,3658.7999999999997,6348.5,62.3,0.0,1969.0000000000005
333,1648119316,69.6,1602072.4999999995,0.0,146885.99999999994,398915.8999999999,6380.300000000002,1433.3000000000002,36.0,0.0,1184.8999999999999
334,1648119317,59.4,1602072.4999999995,0.0,146885.99999999994,398867.7,319.7000000000001,288.3,97.8,0.0,5517.1
335,1648119318,44.699999999999996,1602072.4999999995,0.0,146885.99999999994,398855.70000000007,314.3,303.3,72.8,0.0,2127.1
336,1648119319,24.900000000000002,1602072.4999999995,0.0,146885.99999999994,398862.60000000003,485.0000000000001,357.09999999999997,83.9,0.0,2621.8
337,1648119320,26.000000000000004,1602072.4999999995,0.0,146885.89999999997,397480.70000000007,524.1,697.1999999999999,89.69999999999999,0.0,1833.9
338,1648119321,22.4,1602072.4999999995,0.0,146887.99999999994,396140.5999999999,428.59999999999997,276.1,85.9,0.0,2402.0000000000005
339,1648119322,20.199999999999996,1602072.4999999995,0.0,146887.99999999994,396184.6,199.09999999999997,282.29999999999995,147.70000000000002,0.0,7033.1
340,1648119323,18.2,1602072.4999999995,0.0,146887.99999999994,396254.10000000003,130.6,125.4,28.700000000000003,0.0,1103.7
341,1648119324,15.899999999999999,1602072.4999999995,0.0,146887.99999999994,396181.0,205.29999999999995,187.10000000000002,64.9,0.0,2710.2999999999997
